ID_denunciado	ID_denunciante	ID_hechos	Nombre_d	UA_DEP_d	Turno_d	Perfil_d	Semestre_d	Grupo_d	Carrera_d	Puesto_d	Nombre_superior_d
1	1	1	Emmanuel Rosado Martínez	2385	Matutino	Docente				ninguno	ninguno
2	1	1	denunciado2	2385	Matutino	Docente				ninguno	ninguno
3	2	2	prueba	Seleccionar	Seleccionar	Seleccionar					
4	2	3	preuba	Seleccionar	Seleccionar	Seleccionar					
5	2	4	prueba	Seleccionar	Seleccionar	Seleccionar					
6	3	5	prueba	Seleccionar	Seleccionar	Alumno(a)	1	1cm2	ingenieria		
7	3	5	pruebab	2401	Seleccionar	Funcionario(a)				papeleria	
8	3	6	pruebab	Seleccionar	Seleccionar	Seleccionar					
